{
  "name": "dinox-siyuan-sync",
  "author": "zmy",
  "url": "https://github.com/ryzencool/dinox-siyuan-sync",
  "version": "1.0.0",
  "minAppVersion": "3.0.12",
  "backends": [
    "windows",
    "linux",
    "darwin",
    "docker",
    "ios",
    "android"
  ],
  "frontends": [
    "desktop",
    "mobile",
    "browser-desktop",
    "browser-mobile",
    "desktop-window"
  ],
  "displayName": {
    "en_US": "Dinox Sync",
    "zh_CN": "Dinox 同步"
  },
  "description": {
    "en_US": "Synchronize notes from Dinox to SiYuan",
    "zh_CN": "从 Dinox 同步笔记到思源"
  },
  "readme": {
    "en_US": "README.md",
    "zh_CN": "README_zh_CN.md"
  },
  "funding": {
    "custom": [
      ""
    ]
  },
  "keywords": [
    "plugin", "sample", "插件样例"
  ]
}
